EmployeeID,Name,Gender,Age,Department,JobTitle,HireDate,Salary,PerformanceScore,Attrition
1,Employee_1,Female,37,HR,HR Manager,2012-03-24,62450,1,Yes
2,Employee_2,Male,23,Marketing,SEO Specialist,2007-04-08,52926,5,Yes
3,Employee_3,Female,36,Marketing,Marketing Manager,2019-10-09,64715,1,Yes
4,Employee_4,Female,31,Sales,Account Manager,2011-06-04,77845,1,No
5,Employee_5,Female,60,HR,Recruiter,2013-01-24,51487,4,Yes
6,Employee_6,Female,45,Sales,Sales Executive,2023-04-23,51487,1,Yes
7,Employee_7,Male,36,IT,IT Support,2008-07-09,78688,4,No
8,Employee_8,Female,35,IT,IT Support,2013-12-22,66511,1,Yes
9,Employee_9,Male,32,Marketing,Content Creator,2019-07-09,47957,5,Yes
10,Employee_10,Male,24,Finance,Accountant,2015-07-09,63138,1,Yes
11,Employee_11,Female,35,Marketing,Content Creator,2020-07-21,48048,4,Yes
12,Employee_12,Male,57,Finance,Accountant,2022-05-24,48014,5,No
13,Employee_13,Female,36,Marketing,SEO Specialist,2009-09-16,58629,1,Yes
14,Employee_14,Male,49,HR,HR Manager,2024-02-13,26300,4,No
15,Employee_15,Male,29,Marketing,SEO Specialist,2022-05-25,29126,3,Yes
16,Employee_16,Male,51,Finance,Financial Analyst,2005-12-24,46565,3,Yes
17,Employee_17,Female,54,Marketing,Marketing Manager,2024-04-05,39807,3,Yes
18,Employee_18,Male,60,Marketing,Content Creator,2015-08-01,59713,1,No
19,Employee_19,Male,37,Finance,Accountant,2023-02-03,41379,4,Yes
20,Employee_20,Male,52,Marketing,Marketing Manager,2022-03-09,33815,5,No
21,Employee_21,Female,47,IT,Data Analyst,2016-08-17,76984,4,Yes
22,Employee_22,Male,43,IT,Data Analyst,2005-10-18,51613,2,Yes
23,Employee_23,Male,36,HR,HR Manager,2007-01-28,56012,3,Yes
24,Employee_24,Female,53,Marketing,Marketing Manager,2011-09-05,33628,5,No
25,Employee_25,Female,34,IT,DevOps Engineer,2008-02-22,46834,4,No
26,Employee_26,Female,25,Sales,Account Manager,2008-01-13,56663,3,Yes
27,Employee_27,Male,56,IT,Data Analyst,2019-03-14,37735,2,No
28,Employee_28,Male,50,Sales,Sales Executive,2022-02-02,60635,5,Yes
29,Employee_29,Male,48,HR,HR Manager,2020-08-07,45990,4,Yes
30,Employee_30,Male,46,IT,DevOps Engineer,2013-08-10,50624,4,No
31,Employee_31,Female,35,IT,Data Analyst,2006-10-24,45974,5,Yes
32,Employee_32,Male,59,Finance,Accountant,2020-09-28,82784,5,Yes
33,Employee_33,Male,33,HR,HR Assistant,2007-10-03,54797,2,No
34,Employee_34,Male,59,HR,HR Assistant,2024-01-20,39134,1,No
35,Employee_35,Female,38,Marketing,Content Creator,2011-11-23,67338,3,Yes
36,Employee_36,Male,41,Finance,Financial Analyst,2019-06-25,36687,1,Yes
37,Employee_37,Male,26,Sales,Sales Associate,2022-04-17,58132,3,Yes
38,Employee_38,Male,45,Finance,Accountant,2014-03-15,25604,5,No
39,Employee_39,Male,57,Marketing,Content Creator,2014-11-04,35077,2,No
40,Employee_40,Male,39,HR,HR Manager,2014-10-07,57952,3,Yes
41,Employee_41,Female,38,Finance,Controller,2006-02-21,66076,4,No
42,Employee_42,Female,30,HR,HR Manager,2013-03-24,57570,4,No
43,Employee_43,Male,26,Marketing,Marketing Manager,2009-09-02,53265,3,Yes
44,Employee_44,Male,41,Sales,Sales Executive,2016-01-12,50483,2,Yes
45,Employee_45,Female,31,HR,Recruiter,2012-03-26,32822,2,No
46,Employee_46,Female,48,HR,HR Manager,2012-05-06,44202,1,No
47,Employee_47,Male,34,HR,Recruiter,2019-06-10,48090,2,Yes
48,Employee_48,Male,47,HR,HR Assistant,2015-05-28,70856,1,No
49,Employee_49,Female,56,Finance,Controller,2015-01-04,60154,3,Yes
50,Employee_50,Male,28,Marketing,SEO Specialist,2024-07-12,28554,3,No
51,Employee_51,Male,46,Marketing,Content Creator,2023-04-09,59861,1,No
52,Employee_52,Male,45,HR,HR Assistant,2018-02-22,49223,3,No
53,Employee_53,Female,54,HR,HR Assistant,2014-11-14,44846,3,No
54,Employee_54,Male,34,Finance,Controller,2018-11-13,64175,2,No
55,Employee_55,Male,41,Sales,Sales Associate,2014-04-14,70464,5,No
56,Employee_56,Female,35,Sales,Account Manager,2021-08-26,68969,2,Yes
57,Employee_57,Female,27,Finance,Controller,2012-11-10,42411,2,Yes
58,Employee_58,Male,37,IT,Software Engineer,2020-10-28,50361,1,No
59,Employee_59,Male,46,Sales,Sales Associate,2020-07-08,59968,2,Yes
60,Employee_60,Male,33,HR,Recruiter,2021-08-02,69633,5,Yes
61,Employee_61,Male,51,HR,Recruiter,2021-09-20,47812,3,No
62,Employee_62,Female,57,Marketing,Content Creator,2019-03-24,52215,4,No
63,Employee_63,Female,55,Finance,Accountant,2020-11-08,38404,3,No
64,Employee_64,Female,37,HR,HR Assistant,2013-06-11,37056,5,Yes
65,Employee_65,Male,46,IT,Data Analyst,2009-12-07,67187,1,No
66,Employee_66,Female,48,Sales,Account Manager,2006-04-27,75343,4,No
67,Employee_67,Male,58,Marketing,Content Creator,2017-08-01,53919,3,No
68,Employee_68,Male,53,Sales,Account Manager,2012-05-14,70052,4,Yes
69,Employee_69,Female,32,Sales,Account Manager,2019-03-20,60424,5,Yes
70,Employee_70,Male,27,Sales,Sales Associate,2018-03-28,45323,4,Yes
71,Employee_71,Female,42,HR,Recruiter,2011-08-11,60420,3,No
72,Employee_72,Female,27,Finance,Financial Analyst,2020-01-24,78070,5,Yes
73,Employee_73,Male,24,Finance,Accountant,2005-04-07,54462,1,Yes
74,Employee_74,Female,29,IT,Data Analyst,2023-04-15,78469,3,No
75,Employee_75,Male,41,IT,Software Engineer,2008-10-01,25000,3,No
76,Employee_76,Male,26,Sales,Sales Associate,2023-12-27,67328,2,Yes
77,Employee_77,Male,58,Finance,Controller,2006-06-18,56305,4,No
78,Employee_78,Female,22,HR,HR Assistant,2018-08-04,50514,4,No
79,Employee_79,Male,49,Sales,Sales Associate,2010-12-17,56376,3,No
80,Employee_80,Female,42,Sales,Account Manager,2012-02-09,25186,4,Yes
81,Employee_81,Female,43,Sales,Sales Associate,2005-08-28,51704,3,Yes
82,Employee_82,Female,38,Sales,Sales Executive,2015-05-20,60356,3,Yes
83,Employee_83,Male,37,Marketing,Marketing Manager,2018-08-18,77168,2,No
84,Employee_84,Male,27,Sales,Account Manager,2014-04-13,47225,2,No
85,Employee_85,Female,57,Marketing,SEO Specialist,2021-06-14,42872,5,No
86,Employee_86,Female,39,Finance,Controller,2014-05-08,47473,1,Yes
87,Employee_87,Male,34,Finance,Accountant,2011-12-16,68731,3,No
88,Employee_88,Female,36,HR,HR Manager,2016-03-10,59931,1,Yes
89,Employee_89,Male,57,Finance,Accountant,2014-12-05,47053,4,Yes
90,Employee_90,Female,52,HR,HR Assistant,2020-08-11,62699,2,Yes
91,Employee_91,Male,26,Finance,Financial Analyst,2017-08-03,56456,5,Yes
92,Employee_92,Female,27,IT,Data Analyst,2012-02-18,69529,4,Yes
93,Employee_93,Female,50,Marketing,SEO Specialist,2014-10-14,44469,3,Yes
94,Employee_94,Male,35,Marketing,Content Creator,2011-05-22,50085,1,Yes
95,Employee_95,Male,32,IT,Data Analyst,2005-07-15,49118,5,No
96,Employee_96,Male,40,Finance,Accountant,2014-12-28,33047,4,Yes
97,Employee_97,Male,49,IT,IT Support,2008-09-08,59441,2,No
98,Employee_98,Male,32,IT,Software Engineer,2014-10-24,58915,5,No
99,Employee_99,Female,41,Sales,Sales Executive,2017-05-17,55076,5,No
100,Employee_100,Male,49,Sales,Sales Executive,2015-10-09,51481,1,Yes
101,Employee_101,Female,58,IT,Software Engineer,2006-03-16,33769,5,No
102,Employee_102,Female,53,Finance,Accountant,2007-08-12,48690,4,No
103,Employee_103,Male,32,Finance,Controller,2015-07-23,49859,4,No
104,Employee_104,Male,51,Sales,Sales Associate,2007-06-09,42965,3,Yes
105,Employee_105,Male,56,Sales,Sales Associate,2019-07-02,52580,2,No
106,Employee_106,Female,25,Marketing,SEO Specialist,2011-05-18,61060,2,No
107,Employee_107,Female,29,Sales,Sales Associate,2005-11-20,83292,2,Yes
108,Employee_108,Male,57,Finance,Controller,2018-02-08,57618,1,No
109,Employee_109,Male,53,HR,HR Assistant,2014-09-23,58863,3,No
110,Employee_110,Male,51,Sales,Account Manager,2022-03-13,53883,2,Yes
111,Employee_111,Female,43,HR,Recruiter,2021-05-27,26218,1,No
112,Employee_112,Female,31,Finance,Controller,2019-09-16,54602,3,No
113,Employee_113,Female,51,Marketing,Content Creator,2015-04-23,55903,2,No
114,Employee_114,Male,42,IT,DevOps Engineer,2020-12-26,91948,4,No
115,Employee_115,Male,30,IT,DevOps Engineer,2021-10-11,52114,1,No
116,Employee_116,Female,22,HR,HR Assistant,2009-07-28,59523,2,Yes
117,Employee_117,Female,47,Sales,Account Manager,2007-06-28,54479,5,No
118,Employee_118,Female,56,Finance,Controller,2006-10-03,37469,2,No
119,Employee_119,Female,28,IT,Software Engineer,2008-08-06,72142,3,Yes
120,Employee_120,Male,40,HR,Recruiter,2016-06-14,66278,2,Yes
121,Employee_121,Male,32,Marketing,SEO Specialist,2010-02-20,66865,4,Yes
122,Employee_122,Male,36,Sales,Sales Associate,2019-11-09,41359,4,No
123,Employee_123,Female,56,HR,Recruiter,2010-02-15,76041,3,No
124,Employee_124,Female,51,Sales,Sales Associate,2014-04-13,33972,4,Yes
125,Employee_125,Female,58,IT,DevOps Engineer,2014-12-10,63802,1,No
126,Employee_126,Male,60,Finance,Accountant,2020-05-25,87856,2,No
127,Employee_127,Female,30,IT,Data Analyst,2008-11-21,40141,1,No
128,Employee_128,Female,30,Sales,Sales Executive,2007-05-11,46505,4,Yes
129,Employee_129,Female,55,IT,Data Analyst,2021-05-27,56494,2,No
130,Employee_130,Female,29,Sales,Account Manager,2019-02-05,47447,2,No
131,Employee_131,Male,47,Marketing,SEO Specialist,2005-05-18,31740,1,No
132,Employee_132,Female,59,Finance,Controller,2017-11-12,56028,1,Yes
133,Employee_133,Female,36,Sales,Sales Executive,2007-11-27,39065,4,No
134,Employee_134,Male,24,Sales,Sales Executive,2006-05-16,62103,1,Yes
135,Employee_135,Female,51,IT,Data Analyst,2016-11-24,41208,5,No
136,Employee_136,Male,48,Marketing,Content Creator,2008-08-20,78249,4,No
137,Employee_137,Female,35,HR,HR Assistant,2019-08-08,43251,3,Yes
138,Employee_138,Female,25,Finance,Controller,2017-05-07,50169,1,No
139,Employee_139,Male,60,HR,HR Assistant,2005-01-26,67202,3,Yes
140,Employee_140,Male,57,IT,Data Analyst,2011-10-07,36537,2,No
141,Employee_141,Female,31,IT,Software Engineer,2009-09-09,58411,2,Yes
142,Employee_142,Male,44,HR,HR Manager,2012-10-11,74607,1,Yes
143,Employee_143,Male,48,Finance,Accountant,2021-02-24,30887,1,No
144,Employee_144,Male,50,Sales,Account Manager,2021-04-20,57769,1,No
145,Employee_145,Male,25,Sales,Sales Associate,2020-07-14,58898,1,No
146,Employee_146,Male,42,Sales,Sales Executive,2024-03-03,66727,2,No
147,Employee_147,Female,46,Marketing,Content Creator,2024-09-10,36445,4,No
148,Employee_148,Male,57,HR,HR Assistant,2011-07-15,35193,2,No
149,Employee_149,Female,48,Finance,Financial Analyst,2008-06-14,62829,3,No
150,Employee_150,Female,26,Finance,Accountant,2007-02-03,59454,4,Yes
151,Employee_151,Male,59,Finance,Accountant,2022-09-11,58757,1,No
152,Employee_152,Female,25,Finance,Controller,2014-10-10,60196,3,Yes
153,Employee_153,Male,31,Marketing,Content Creator,2020-04-28,44799,1,No
154,Employee_154,Male,39,Marketing,SEO Specialist,2023-04-26,58483,4,Yes
155,Employee_155,Female,23,Marketing,Content Creator,2010-05-23,59396,3,No
156,Employee_156,Male,31,Finance,Accountant,2023-11-13,44284,1,Yes
157,Employee_157,Male,46,HR,HR Manager,2018-08-11,82986,2,No
158,Employee_158,Female,58,Finance,Controller,2024-02-02,62107,2,Yes
159,Employee_159,Male,39,Marketing,Marketing Manager,2019-11-14,37130,4,No
160,Employee_160,Male,54,Sales,Account Manager,2008-06-14,64848,1,No
161,Employee_161,Female,24,Marketing,SEO Specialist,2012-07-20,40379,1,Yes
162,Employee_162,Male,30,IT,IT Support,2013-05-11,66806,1,Yes
163,Employee_163,Female,33,Sales,Sales Associate,2009-07-18,72378,2,No
164,Employee_164,Male,49,HR,Recruiter,2005-08-03,42689,3,No
165,Employee_165,Female,40,Marketing,SEO Specialist,2008-07-01,69450,3,Yes
166,Employee_166,Female,27,Marketing,SEO Specialist,2018-02-08,61191,4,No
167,Employee_167,Female,41,Marketing,Marketing Manager,2015-04-11,67330,2,Yes
168,Employee_168,Male,55,Marketing,Content Creator,2021-04-25,83451,3,No
169,Employee_169,Male,31,IT,Data Analyst,2013-04-06,51319,5,Yes
170,Employee_170,Female,51,HR,HR Manager,2023-10-15,43693,5,No
171,Employee_171,Female,26,Finance,Accountant,2020-08-21,41657,3,No
172,Employee_172,Female,54,Marketing,Marketing Manager,2007-05-15,42762,4,Yes
173,Employee_173,Female,26,HR,Recruiter,2007-10-20,53843,5,No
174,Employee_174,Male,50,Sales,Sales Associate,2023-11-07,60117,3,No
175,Employee_175,Male,50,Marketing,Marketing Manager,2008-06-23,59150,1,Yes
176,Employee_176,Female,50,HR,HR Manager,2021-09-20,67407,2,No
177,Employee_177,Female,48,Finance,Financial Analyst,2015-11-20,55195,1,No
178,Employee_178,Male,57,HR,Recruiter,2017-05-09,76803,5,Yes
179,Employee_179,Male,44,Finance,Accountant,2014-11-23,51030,4,Yes
180,Employee_180,Male,41,Marketing,Content Creator,2022-07-21,95802,3,Yes
181,Employee_181,Female,54,Marketing,Marketing Manager,2016-01-12,64385,3,Yes
182,Employee_182,Female,34,IT,IT Support,2012-03-05,42142,1,No
183,Employee_183,Male,43,HR,HR Assistant,2024-03-20,38936,4,Yes
184,Employee_184,Male,50,IT,Data Analyst,2006-07-12,62237,2,No
185,Employee_185,Female,36,Marketing,SEO Specialist,2022-04-10,51648,4,Yes
186,Employee_186,Female,51,Finance,Controller,2014-07-17,65710,5,No
187,Employee_187,Male,38,IT,Data Analyst,2006-11-16,62098,3,Yes
188,Employee_188,Female,27,Marketing,Marketing Manager,2010-05-15,53907,5,Yes
189,Employee_189,Male,50,Sales,Sales Executive,2016-01-14,42298,1,No
190,Employee_190,Male,46,Marketing,SEO Specialist,2007-06-08,32277,1,No
191,Employee_191,Female,31,HR,HR Assistant,2009-01-10,48302,4,Yes
192,Employee_192,Male,27,Sales,Account Manager,2005-05-07,67845,2,No
193,Employee_193,Male,41,HR,Recruiter,2008-01-08,58211,4,No
194,Employee_194,Female,60,HR,HR Manager,2022-01-21,36313,5,Yes
195,Employee_195,Female,22,IT,IT Support,2024-06-08,57597,5,No
196,Employee_196,Female,26,IT,Software Engineer,2021-09-17,60779,5,Yes
197,Employee_197,Male,46,Sales,Account Manager,2016-05-24,41742,1,No
198,Employee_198,Male,28,HR,Recruiter,2023-12-25,57305,3,Yes
199,Employee_199,Female,33,HR,Recruiter,2019-12-16,55873,2,Yes
200,Employee_200,Female,24,HR,HR Assistant,2014-04-02,37855,2,Yes
201,Employee_201,Female,56,Finance,Financial Analyst,2020-05-02,60366,2,No
202,Employee_202,Female,39,Finance,Accountant,2008-06-14,63411,4,No
203,Employee_203,Male,53,Sales,Account Manager,2020-06-26,71245,5,No
204,Employee_204,Female,27,HR,HR Assistant,2018-10-27,70807,2,No
205,Employee_205,Male,42,Finance,Accountant,2014-05-15,34334,5,No
206,Employee_206,Female,50,IT,DevOps Engineer,2006-12-28,40932,3,No
207,Employee_207,Male,26,Finance,Controller,2017-06-17,62725,2,Yes
208,Employee_208,Male,30,IT,DevOps Engineer,2007-04-25,62706,3,No
209,Employee_209,Male,60,Sales,Sales Associate,2009-11-15,62725,3,No
210,Employee_210,Male,55,Sales,Sales Executive,2016-07-11,112790,3,Yes
211,Employee_211,Male,53,HR,HR Manager,2021-07-18,63563,1,No
212,Employee_212,Female,35,Finance,Controller,2024-05-23,72033,4,Yes
213,Employee_213,Male,50,HR,HR Manager,2010-12-15,69310,1,No
214,Employee_214,Male,57,Finance,Controller,2022-05-10,64770,2,Yes
215,Employee_215,Male,29,Finance,Controller,2011-03-08,50270,4,Yes
216,Employee_216,Female,51,Finance,Controller,2022-03-20,66384,1,Yes
217,Employee_217,Female,55,Finance,Financial Analyst,2018-07-27,43407,5,Yes
218,Employee_218,Male,50,IT,IT Support,2019-11-17,51447,3,Yes
219,Employee_219,Male,30,Marketing,Content Creator,2018-09-28,47719,1,Yes
220,Employee_220,Female,32,Marketing,Marketing Manager,2010-06-23,56228,2,No
221,Employee_221,Male,38,Marketing,SEO Specialist,2011-11-18,89719,3,Yes
222,Employee_222,Male,54,Finance,Controller,2010-10-19,26991,2,Yes
223,Employee_223,Female,58,Marketing,Content Creator,2006-01-03,65293,1,No
224,Employee_224,Male,53,IT,DevOps Engineer,2022-05-21,30809,3,No
225,Employee_225,Female,51,IT,DevOps Engineer,2007-12-02,47921,2,No
226,Employee_226,Female,35,Sales,Account Manager,2015-10-05,71334,3,No
227,Employee_227,Male,45,Finance,Financial Analyst,2021-09-04,55964,3,Yes
228,Employee_228,Female,50,Sales,Sales Executive,2012-03-04,38833,1,No
229,Employee_229,Female,37,Sales,Sales Associate,2010-06-19,44270,3,Yes
230,Employee_230,Female,53,IT,DevOps Engineer,2014-08-01,65193,1,No
231,Employee_231,Male,35,Marketing,SEO Specialist,2023-06-02,44044,1,No
232,Employee_232,Female,40,Sales,Sales Associate,2022-01-28,58246,1,No
233,Employee_233,Female,47,IT,IT Support,2016-01-13,55683,1,Yes
234,Employee_234,Female,26,Finance,Controller,2017-09-15,45225,5,No
235,Employee_235,Male,30,Marketing,Content Creator,2008-07-12,87159,3,No
236,Employee_236,Female,54,IT,Data Analyst,2006-01-02,64508,2,No
237,Employee_237,Female,31,Sales,Sales Associate,2024-09-05,25000,3,No
238,Employee_238,Female,59,IT,DevOps Engineer,2015-09-27,57796,5,No
239,Employee_239,Female,23,Marketing,SEO Specialist,2016-06-22,45073,1,No
240,Employee_240,Male,60,Marketing,SEO Specialist,2020-05-21,67786,5,Yes
241,Employee_241,Female,32,HR,HR Assistant,2021-11-24,43112,5,No
242,Employee_242,Male,58,IT,Data Analyst,2008-04-01,53278,4,No
243,Employee_243,Female,35,Sales,Sales Executive,2018-09-25,62574,5,No
244,Employee_244,Male,55,HR,HR Assistant,2011-09-11,67986,4,No
245,Employee_245,Female,56,Finance,Accountant,2015-09-12,36995,3,No
246,Employee_246,Female,57,IT,Data Analyst,2014-04-10,49982,3,Yes
247,Employee_247,Female,44,Sales,Account Manager,2022-12-09,47875,3,Yes
248,Employee_248,Female,47,Marketing,Content Creator,2016-03-10,45200,1,No
249,Employee_249,Female,38,HR,Recruiter,2020-04-07,81481,5,No
250,Employee_250,Female,30,Marketing,Content Creator,2008-10-24,61074,5,Yes
251,Employee_251,Male,36,IT,Software Engineer,2006-02-14,36086,3,No
252,Employee_252,Male,22,HR,HR Assistant,2022-03-14,68767,4,No
253,Employee_253,Female,40,IT,IT Support,2006-02-21,86832,5,Yes
254,Employee_254,Male,33,Marketing,Content Creator,2018-03-02,70486,4,No
255,Employee_255,Male,22,IT,IT Support,2014-10-20,32209,1,No
256,Employee_256,Female,30,Finance,Financial Analyst,2021-08-09,47736,2,Yes
257,Employee_257,Female,38,Finance,Accountant,2010-01-24,74003,3,No
258,Employee_258,Male,33,Marketing,Content Creator,2024-11-13,44384,4,No
259,Employee_259,Male,33,HR,Recruiter,2009-08-11,61657,2,Yes
260,Employee_260,Male,50,Finance,Financial Analyst,2013-06-10,66619,5,Yes
261,Employee_261,Female,37,Finance,Controller,2006-11-04,41096,4,No
262,Employee_262,Female,29,IT,DevOps Engineer,2014-06-20,54107,2,Yes
263,Employee_263,Male,51,IT,DevOps Engineer,2024-06-14,25000,5,No
264,Employee_264,Male,37,Marketing,Content Creator,2024-02-17,39634,4,No
265,Employee_265,Male,25,HR,HR Assistant,2022-09-07,51211,5,Yes
266,Employee_266,Female,29,IT,IT Support,2011-12-19,36283,4,Yes
267,Employee_267,Male,51,Marketing,SEO Specialist,2009-09-14,79486,4,Yes
268,Employee_268,Female,23,Marketing,SEO Specialist,2017-05-27,33547,1,Yes
269,Employee_269,Male,49,Marketing,Marketing Manager,2016-12-03,48399,5,Yes
270,Employee_270,Male,40,HR,Recruiter,2018-03-25,56961,2,No
271,Employee_271,Female,46,Finance,Financial Analyst,2017-02-22,76619,5,Yes
272,Employee_272,Male,56,Finance,Accountant,2017-09-05,33462,2,Yes
273,Employee_273,Female,56,HR,Recruiter,2018-09-13,72447,2,Yes
274,Employee_274,Male,39,Sales,Account Manager,2011-12-25,55153,1,Yes
275,Employee_275,Male,37,Sales,Sales Associate,2011-02-04,40277,5,Yes
276,Employee_276,Male,37,Sales,Sales Associate,2006-07-15,61931,2,Yes
277,Employee_277,Female,36,HR,HR Manager,2023-06-19,57985,5,No
278,Employee_278,Male,55,IT,IT Support,2012-07-10,45996,3,Yes
279,Employee_279,Male,49,Marketing,Content Creator,2022-08-02,56047,3,No
280,Employee_280,Female,48,Marketing,SEO Specialist,2009-05-13,49220,2,No
281,Employee_281,Female,31,IT,Data Analyst,2019-01-18,56702,4,No
282,Employee_282,Male,46,Marketing,Content Creator,2012-05-07,64931,3,Yes
283,Employee_283,Male,56,Sales,Account Manager,2011-01-09,78790,4,Yes
284,Employee_284,Male,52,HR,HR Manager,2011-06-10,36432,1,Yes
285,Employee_285,Female,37,IT,Software Engineer,2024-12-07,86995,4,Yes
286,Employee_286,Female,46,Marketing,SEO Specialist,2019-09-21,25718,3,No
287,Employee_287,Female,51,Finance,Financial Analyst,2008-12-16,52723,3,Yes
288,Employee_288,Female,24,Finance,Financial Analyst,2023-04-24,63824,2,Yes
289,Employee_289,Female,40,Finance,Controller,2009-04-11,59214,2,No
290,Employee_290,Female,57,Marketing,Marketing Manager,2015-05-25,45659,4,No
291,Employee_291,Female,32,Sales,Sales Executive,2009-12-18,51878,4,Yes
292,Employee_292,Male,55,Marketing,Content Creator,2006-02-27,47604,1,Yes
293,Employee_293,Male,26,Sales,Sales Executive,2009-01-07,46159,5,No
294,Employee_294,Female,53,Finance,Accountant,2005-01-18,67744,5,No
295,Employee_295,Female,56,HR,HR Manager,2014-01-17,60355,4,Yes
296,Employee_296,Male,37,HR,HR Manager,2011-10-17,44606,3,No
297,Employee_297,Male,45,Finance,Financial Analyst,2017-08-19,68493,2,Yes
298,Employee_298,Male,24,Finance,Controller,2007-07-13,59609,4,No
299,Employee_299,Male,32,HR,HR Assistant,2007-08-28,67192,4,No
300,Employee_300,Male,36,Marketing,Marketing Manager,2011-12-19,64444,4,No
301,Employee_301,Female,56,HR,HR Manager,2023-11-02,42565,2,No
302,Employee_302,Male,47,HR,HR Manager,2007-05-06,46597,5,Yes
303,Employee_303,Female,46,Marketing,SEO Specialist,2009-12-24,66209,1,No
304,Employee_304,Female,36,HR,HR Manager,2007-06-20,64155,5,No
305,Employee_305,Female,50,Finance,Accountant,2020-04-12,54686,5,No
306,Employee_306,Female,27,Sales,Sales Executive,2024-05-26,56759,2,Yes
307,Employee_307,Male,46,HR,Recruiter,2009-12-13,74164,3,No
308,Employee_308,Male,41,HR,HR Manager,2019-06-25,46126,3,Yes
309,Employee_309,Male,49,IT,Software Engineer,2019-09-18,63206,5,No
310,Employee_310,Male,44,HR,HR Manager,2022-02-20,51967,5,No
311,Employee_311,Female,48,Sales,Sales Executive,2017-02-24,51734,5,Yes
312,Employee_312,Male,46,Marketing,Content Creator,2010-03-09,71481,3,No
313,Employee_313,Male,32,Sales,Sales Executive,2018-05-14,67381,3,No
314,Employee_314,Female,37,HR,Recruiter,2020-10-20,67202,2,No
315,Employee_315,Female,22,HR,HR Manager,2017-06-27,74582,5,No
316,Employee_316,Female,49,Finance,Financial Analyst,2024-03-10,55315,3,Yes
317,Employee_317,Male,47,Sales,Account Manager,2015-05-24,65229,4,Yes
318,Employee_318,Female,47,Finance,Financial Analyst,2016-02-19,50345,2,Yes
319,Employee_319,Female,35,Marketing,Marketing Manager,2019-05-27,59862,1,No
320,Employee_320,Female,37,Sales,Sales Executive,2013-11-05,53047,4,No
321,Employee_321,Female,59,HR,Recruiter,2017-09-17,56454,4,Yes
322,Employee_322,Male,28,Finance,Controller,2012-11-22,63927,3,Yes
323,Employee_323,Female,43,Marketing,Marketing Manager,2018-02-01,42726,1,No
324,Employee_324,Female,45,IT,Data Analyst,2017-08-25,86385,5,Yes
325,Employee_325,Female,28,Finance,Accountant,2014-07-03,39909,1,Yes
326,Employee_326,Female,51,Finance,Financial Analyst,2011-09-16,36787,3,No
327,Employee_327,Female,42,HR,Recruiter,2007-05-02,72371,1,Yes
328,Employee_328,Male,32,Finance,Controller,2012-09-06,66874,5,Yes
329,Employee_329,Female,51,Finance,Controller,2012-07-21,64361,2,Yes
330,Employee_330,Male,34,Sales,Account Manager,2019-10-14,64425,4,Yes
331,Employee_331,Female,26,IT,Data Analyst,2023-02-26,54816,5,Yes
332,Employee_332,Male,51,Finance,Financial Analyst,2008-05-22,41541,4,No
333,Employee_333,Female,59,Marketing,SEO Specialist,2008-06-12,56137,4,Yes
334,Employee_334,Male,30,Finance,Controller,2015-02-08,44842,3,Yes
335,Employee_335,Male,54,IT,IT Support,2017-07-20,69626,2,No
336,Employee_336,Female,56,Sales,Sales Executive,2010-09-06,52794,4,No
337,Employee_337,Female,50,IT,Data Analyst,2024-01-28,42617,3,Yes
338,Employee_338,Male,46,Sales,Sales Executive,2022-09-21,50179,4,No
339,Employee_339,Female,53,Sales,Account Manager,2010-02-19,61193,1,Yes
340,Employee_340,Female,36,Finance,Accountant,2022-05-06,46544,4,No
341,Employee_341,Male,58,Marketing,Content Creator,2008-05-25,42666,5,No
342,Employee_342,Female,56,Marketing,Marketing Manager,2011-07-04,58655,2,No
343,Employee_343,Female,44,HR,Recruiter,2007-08-28,58674,1,Yes
344,Employee_344,Female,32,IT,IT Support,2024-03-26,47395,2,Yes
345,Employee_345,Female,56,HR,HR Assistant,2013-10-18,47934,2,No
346,Employee_346,Female,54,Finance,Financial Analyst,2008-03-25,58480,4,Yes
347,Employee_347,Male,30,Finance,Controller,2012-03-23,33278,3,Yes
348,Employee_348,Male,58,Sales,Account Manager,2013-11-14,33888,4,No
349,Employee_349,Male,47,HR,HR Assistant,2021-12-09,44223,3,No
350,Employee_350,Male,27,Sales,Account Manager,2019-11-22,51798,3,Yes
351,Employee_351,Male,49,Marketing,SEO Specialist,2011-08-09,59663,3,No
352,Employee_352,Male,58,Finance,Controller,2020-06-22,77130,1,Yes
353,Employee_353,Female,23,HR,HR Assistant,2008-03-15,67864,4,Yes
354,Employee_354,Male,41,Sales,Sales Executive,2010-05-03,52600,3,No
355,Employee_355,Male,25,HR,Recruiter,2017-11-10,54714,2,No
356,Employee_356,Male,22,HR,HR Assistant,2011-08-03,39962,2,Yes
357,Employee_357,Female,22,Marketing,Content Creator,2005-12-11,54722,1,No
358,Employee_358,Male,36,IT,DevOps Engineer,2017-02-24,50670,1,Yes
359,Employee_359,Female,30,Finance,Financial Analyst,2017-03-21,59840,2,Yes
360,Employee_360,Male,32,Marketing,Content Creator,2019-06-24,42591,2,Yes
361,Employee_361,Female,35,Sales,Sales Associate,2007-02-05,62790,1,No
362,Employee_362,Female,30,Finance,Financial Analyst,2012-05-21,77991,1,Yes
363,Employee_363,Female,23,Marketing,Content Creator,2014-04-17,53368,5,Yes
364,Employee_364,Male,37,Sales,Account Manager,2020-07-04,61025,2,No
365,Employee_365,Male,45,Marketing,Marketing Manager,2015-03-13,65352,5,No
366,Employee_366,Male,52,Finance,Controller,2007-01-19,48981,1,Yes
367,Employee_367,Male,25,Finance,Accountant,2017-09-10,58361,5,No
368,Employee_368,Female,27,Sales,Sales Associate,2022-09-20,55188,2,No
369,Employee_369,Male,54,HR,Recruiter,2011-03-18,56465,3,No
370,Employee_370,Male,41,Marketing,Content Creator,2018-12-28,43404,2,Yes
371,Employee_371,Female,29,IT,Software Engineer,2019-10-20,55367,1,No
372,Employee_372,Male,30,IT,Software Engineer,2005-03-16,62469,3,No
373,Employee_373,Male,39,IT,IT Support,2008-01-11,76767,4,No
374,Employee_374,Female,58,Marketing,Marketing Manager,2007-08-15,69389,5,No
375,Employee_375,Male,45,HR,Recruiter,2010-05-25,87297,1,Yes
376,Employee_376,Male,22,IT,Software Engineer,2012-01-16,43489,3,No
377,Employee_377,Male,57,IT,Data Analyst,2018-04-11,68084,2,No
378,Employee_378,Male,58,Finance,Financial Analyst,2016-02-17,57750,1,Yes
379,Employee_379,Female,26,IT,Software Engineer,2019-05-25,87847,3,No
380,Employee_380,Female,22,HR,HR Assistant,2016-04-10,42875,5,No
381,Employee_381,Female,45,Marketing,Marketing Manager,2023-08-25,42404,2,Yes
382,Employee_382,Female,23,IT,Software Engineer,2012-09-12,46009,1,No
383,Employee_383,Female,41,HR,HR Assistant,2008-04-17,25000,2,No
384,Employee_384,Male,39,Sales,Sales Executive,2007-01-08,47113,5,No
385,Employee_385,Male,59,Finance,Financial Analyst,2008-09-05,43613,4,Yes
386,Employee_386,Male,49,Marketing,Content Creator,2009-04-10,57255,3,No
387,Employee_387,Female,42,Sales,Sales Associate,2019-05-08,60126,1,Yes
388,Employee_388,Male,28,IT,Software Engineer,2010-08-15,83142,3,No
389,Employee_389,Female,35,HR,HR Assistant,2019-05-15,69256,3,Yes
390,Employee_390,Female,60,HR,HR Manager,2006-04-27,46346,3,Yes
391,Employee_391,Male,44,HR,HR Assistant,2017-09-02,41523,3,No
392,Employee_392,Female,50,IT,Software Engineer,2022-12-18,62378,2,Yes
393,Employee_393,Male,29,Sales,Sales Executive,2005-01-27,35196,2,Yes
394,Employee_394,Female,27,IT,DevOps Engineer,2023-10-09,82471,1,Yes
395,Employee_395,Female,30,HR,HR Manager,2007-06-04,72691,1,No
396,Employee_396,Female,47,HR,HR Manager,2020-01-13,47962,4,Yes
397,Employee_397,Male,39,Finance,Accountant,2013-08-05,29302,1,Yes
398,Employee_398,Female,57,Finance,Financial Analyst,2020-01-03,75308,3,No
399,Employee_399,Male,55,IT,DevOps Engineer,2012-11-26,53281,5,Yes
400,Employee_400,Female,52,Sales,Sales Associate,2022-08-12,73567,5,No
401,Employee_401,Male,23,Sales,Account Manager,2015-10-08,31083,1,No
402,Employee_402,Female,59,HR,Recruiter,2012-03-04,46009,2,Yes
403,Employee_403,Male,36,Finance,Controller,2023-07-12,55078,2,Yes
404,Employee_404,Female,59,IT,IT Support,2005-12-23,55704,3,Yes
405,Employee_405,Female,56,Marketing,Marketing Manager,2014-03-16,48249,1,Yes
406,Employee_406,Male,23,HR,HR Manager,2021-08-01,64342,3,Yes
407,Employee_407,Male,42,IT,IT Support,2006-01-05,38985,5,Yes
408,Employee_408,Female,26,HR,HR Assistant,2016-12-22,52864,4,Yes
409,Employee_409,Female,30,Finance,Financial Analyst,2010-12-14,56804,4,No
410,Employee_410,Male,59,IT,IT Support,2010-07-10,62716,3,Yes
411,Employee_411,Female,58,IT,Software Engineer,2006-03-20,65674,3,Yes
412,Employee_412,Female,31,Marketing,Marketing Manager,2015-12-03,38130,2,No
413,Employee_413,Male,43,Finance,Accountant,2019-01-09,31988,2,Yes
414,Employee_414,Female,28,HR,Recruiter,2005-01-13,74165,4,No
415,Employee_415,Female,46,IT,DevOps Engineer,2016-09-13,59984,1,No
416,Employee_416,Male,32,Marketing,Content Creator,2019-02-26,43772,1,No
417,Employee_417,Female,28,HR,Recruiter,2007-06-06,78267,4,Yes
418,Employee_418,Male,43,HR,HR Assistant,2024-10-16,56735,1,No
419,Employee_419,Male,25,IT,DevOps Engineer,2008-06-07,72689,2,No
420,Employee_420,Female,40,Marketing,Content Creator,2014-04-04,56012,1,No
421,Employee_421,Female,31,Marketing,Content Creator,2006-06-01,85911,4,Yes
422,Employee_422,Female,34,Finance,Controller,2008-01-07,81330,2,No
423,Employee_423,Male,41,HR,Recruiter,2017-08-16,51265,3,Yes
424,Employee_424,Male,45,Marketing,SEO Specialist,2017-06-06,69573,4,Yes
425,Employee_425,Female,38,Finance,Financial Analyst,2012-05-19,64680,1,Yes
426,Employee_426,Female,56,HR,HR Manager,2018-10-08,75529,5,Yes
427,Employee_427,Female,56,Sales,Sales Associate,2020-10-08,40526,4,No
428,Employee_428,Male,54,HR,Recruiter,2023-09-26,65290,5,Yes
429,Employee_429,Male,32,HR,Recruiter,2011-04-05,70876,1,No
430,Employee_430,Female,34,HR,HR Assistant,2009-10-09,28618,3,Yes
431,Employee_431,Female,57,HR,Recruiter,2015-05-17,37251,4,Yes
432,Employee_432,Female,29,Marketing,Content Creator,2018-03-05,25000,5,Yes
433,Employee_433,Male,40,HR,HR Assistant,2022-06-14,50958,3,No
434,Employee_434,Female,24,Sales,Sales Associate,2010-05-13,65763,2,No
435,Employee_435,Female,37,HR,Recruiter,2006-12-16,77535,3,No
436,Employee_436,Female,41,HR,Recruiter,2013-08-28,56111,1,Yes
437,Employee_437,Female,42,IT,IT Support,2013-12-14,79429,5,Yes
438,Employee_438,Male,48,IT,DevOps Engineer,2020-09-28,34298,3,Yes
439,Employee_439,Male,41,Marketing,Marketing Manager,2021-07-05,29449,5,Yes
440,Employee_440,Male,25,IT,Data Analyst,2012-01-15,54166,1,No
441,Employee_441,Female,51,IT,IT Support,2021-07-21,60760,1,Yes
442,Employee_442,Female,60,IT,IT Support,2019-03-28,54509,4,No
443,Employee_443,Female,27,Finance,Accountant,2014-01-13,25000,1,Yes
444,Employee_444,Male,36,Marketing,Marketing Manager,2011-05-21,53663,4,Yes
445,Employee_445,Male,33,HR,Recruiter,2024-01-08,35432,3,No
446,Employee_446,Female,44,Finance,Financial Analyst,2019-05-07,65045,4,No
447,Employee_447,Female,59,Marketing,Content Creator,2008-01-17,60498,3,No
448,Employee_448,Male,52,Finance,Controller,2007-06-09,40901,3,No
449,Employee_449,Female,34,Finance,Controller,2009-09-25,47291,2,Yes
450,Employee_450,Female,30,Marketing,SEO Specialist,2005-11-16,39111,3,No
451,Employee_451,Female,24,Sales,Account Manager,2023-12-19,54059,2,No
452,Employee_452,Female,54,IT,DevOps Engineer,2014-03-27,69327,5,Yes
453,Employee_453,Female,30,Finance,Accountant,2013-12-26,40214,5,Yes
454,Employee_454,Male,36,Finance,Controller,2016-04-24,62560,3,No
455,Employee_455,Female,59,Finance,Financial Analyst,2014-08-28,47046,1,No
456,Employee_456,Male,52,HR,HR Assistant,2011-09-04,43106,4,No
457,Employee_457,Male,30,Sales,Sales Executive,2011-06-14,53394,5,No
458,Employee_458,Male,27,IT,IT Support,2020-06-21,39471,2,No
459,Employee_459,Female,39,HR,HR Manager,2011-03-19,46695,2,No
460,Employee_460,Female,49,HR,HR Manager,2017-07-16,37031,4,Yes
461,Employee_461,Male,45,HR,HR Assistant,2005-06-25,84470,5,Yes
462,Employee_462,Male,37,HR,HR Assistant,2012-12-12,55528,3,Yes
463,Employee_463,Female,32,HR,Recruiter,2007-01-10,44504,3,No
464,Employee_464,Female,49,Marketing,Content Creator,2009-06-16,58209,3,Yes
465,Employee_465,Male,36,IT,DevOps Engineer,2012-12-05,53315,2,Yes
466,Employee_466,Male,29,Marketing,Content Creator,2016-12-21,51685,1,No
467,Employee_467,Male,60,Finance,Controller,2006-11-04,64212,1,Yes
468,Employee_468,Female,46,HR,Recruiter,2008-09-09,66362,4,Yes
469,Employee_469,Female,48,IT,Software Engineer,2008-11-17,47042,3,Yes
470,Employee_470,Male,40,Sales,Sales Executive,2008-02-16,46362,2,Yes
471,Employee_471,Male,44,Finance,Controller,2018-05-06,50874,1,No
472,Employee_472,Female,37,IT,DevOps Engineer,2005-01-22,25000,1,Yes
473,Employee_473,Female,31,Marketing,Content Creator,2007-09-03,32272,1,No
474,Employee_474,Female,38,IT,DevOps Engineer,2019-01-04,75503,2,Yes
475,Employee_475,Female,49,Finance,Financial Analyst,2008-02-28,79674,1,Yes
476,Employee_476,Female,44,IT,Data Analyst,2019-10-09,51264,1,No
477,Employee_477,Male,47,Finance,Accountant,2017-08-09,63648,4,No
478,Employee_478,Male,29,Sales,Sales Associate,2009-12-24,59668,1,Yes
479,Employee_479,Female,58,HR,Recruiter,2019-03-20,101183,4,No
480,Employee_480,Male,52,Marketing,Marketing Manager,2020-02-14,71793,4,Yes
481,Employee_481,Female,22,HR,Recruiter,2021-12-19,53081,5,Yes
482,Employee_482,Male,49,Finance,Controller,2012-08-12,40666,4,Yes
483,Employee_483,Male,22,Marketing,Content Creator,2010-09-28,30903,4,No
484,Employee_484,Female,42,IT,Software Engineer,2012-06-09,58051,1,Yes
485,Employee_485,Female,47,Marketing,Content Creator,2012-02-15,43654,4,No
486,Employee_486,Female,42,HR,Recruiter,2008-08-24,33666,1,Yes
487,Employee_487,Male,57,Sales,Account Manager,2022-01-27,45301,1,No
488,Employee_488,Male,51,Marketing,Content Creator,2015-06-27,38776,1,Yes
489,Employee_489,Female,45,Sales,Account Manager,2019-02-04,80307,2,Yes
490,Employee_490,Female,57,Finance,Financial Analyst,2021-06-23,68224,1,Yes
491,Employee_491,Male,48,IT,DevOps Engineer,2008-05-20,54880,2,Yes
492,Employee_492,Male,51,HR,Recruiter,2011-12-11,77199,1,No
493,Employee_493,Male,50,HR,HR Assistant,2019-11-19,56160,5,Yes
494,Employee_494,Male,57,Sales,Sales Executive,2018-10-16,42080,5,Yes
495,Employee_495,Male,28,Marketing,Marketing Manager,2017-11-20,77846,5,No
496,Employee_496,Female,60,Marketing,SEO Specialist,2012-05-13,63083,3,No
497,Employee_497,Male,48,Sales,Sales Executive,2024-12-24,39441,5,No
498,Employee_498,Male,34,Marketing,SEO Specialist,2011-10-23,52144,3,No
499,Employee_499,Female,29,IT,Data Analyst,2016-09-16,41865,5,No
500,Employee_500,Female,22,Marketing,SEO Specialist,2021-02-01,34258,4,Yes
501,Employee_501,Male,34,HR,HR Assistant,2013-03-10,68892,3,Yes
502,Employee_502,Female,35,HR,HR Assistant,2022-01-12,83641,4,Yes
503,Employee_503,Male,57,Marketing,Content Creator,2017-04-17,34021,3,Yes
504,Employee_504,Female,42,Sales,Account Manager,2022-01-01,63444,3,Yes
505,Employee_505,Male,45,Marketing,SEO Specialist,2023-09-24,45240,5,Yes
506,Employee_506,Female,33,IT,IT Support,2007-03-06,47693,5,Yes
507,Employee_507,Female,39,Sales,Sales Executive,2022-05-05,46114,2,No
508,Employee_508,Female,31,HR,Recruiter,2006-03-11,42040,5,Yes
509,Employee_509,Female,53,Marketing,Content Creator,2023-09-12,55727,1,No
510,Employee_510,Male,55,Marketing,Marketing Manager,2007-09-06,42535,4,No
511,Employee_511,Male,35,HR,Recruiter,2015-06-12,59056,3,Yes
512,Employee_512,Female,57,Marketing,Content Creator,2005-02-22,54246,3,No
513,Employee_513,Male,42,IT,Data Analyst,2017-02-13,51415,3,No
514,Employee_514,Female,54,HR,HR Assistant,2021-08-16,41386,1,No
515,Employee_515,Male,28,IT,IT Support,2010-09-18,46348,1,Yes
516,Employee_516,Female,28,IT,Data Analyst,2011-09-27,66330,4,Yes
517,Employee_517,Female,43,IT,Software Engineer,2006-02-03,62513,1,Yes
518,Employee_518,Male,58,Finance,Controller,2012-05-14,40336,4,No
519,Employee_519,Female,23,Sales,Account Manager,2017-11-04,56489,5,Yes
520,Employee_520,Male,26,Marketing,Marketing Manager,2016-09-04,66270,3,No
521,Employee_521,Female,50,Marketing,Marketing Manager,2017-07-27,29958,1,No
522,Employee_522,Male,47,IT,Data Analyst,2022-05-21,63150,2,No
523,Employee_523,Male,29,Finance,Accountant,2006-01-19,45060,5,No
524,Employee_524,Male,41,Marketing,Content Creator,2011-12-24,63558,3,Yes
525,Employee_525,Male,32,Sales,Sales Associate,2010-04-20,43551,3,Yes
526,Employee_526,Male,57,HR,HR Manager,2019-11-18,27926,1,No
527,Employee_527,Male,34,HR,Recruiter,2023-08-11,30586,3,Yes
528,Employee_528,Female,26,IT,Software Engineer,2011-06-16,55721,4,No
529,Employee_529,Female,59,Marketing,Content Creator,2009-10-19,58895,3,No
530,Employee_530,Male,42,Sales,Sales Executive,2012-04-23,41435,4,No
531,Employee_531,Female,52,Finance,Accountant,2019-08-12,64578,3,No
532,Employee_532,Male,60,Marketing,Marketing Manager,2007-05-28,30077,2,Yes
533,Employee_533,Male,26,Finance,Controller,2005-09-21,54008,1,No
534,Employee_534,Male,57,Marketing,Marketing Manager,2013-09-18,36834,4,Yes
535,Employee_535,Male,59,Finance,Financial Analyst,2014-03-15,45222,5,Yes
536,Employee_536,Male,37,Sales,Account Manager,2024-11-06,55710,5,Yes
537,Employee_537,Male,58,Sales,Sales Executive,2023-11-28,42093,2,No
538,Employee_538,Male,53,Finance,Accountant,2012-02-09,49231,3,Yes
539,Employee_539,Male,55,HR,HR Assistant,2016-07-16,70094,4,Yes
540,Employee_540,Female,28,HR,HR Assistant,2021-11-27,46346,3,No
541,Employee_541,Male,46,Marketing,Content Creator,2017-06-19,67535,1,No
542,Employee_542,Female,44,Sales,Sales Executive,2016-08-26,38054,4,Yes
543,Employee_543,Female,32,Marketing,Marketing Manager,2012-02-17,62947,3,Yes
544,Employee_544,Male,45,IT,Data Analyst,2024-12-27,76623,1,Yes
545,Employee_545,Male,52,Sales,Account Manager,2020-08-07,25000,5,Yes
546,Employee_546,Male,24,Sales,Sales Executive,2009-10-19,43046,2,Yes
547,Employee_547,Male,25,Marketing,Marketing Manager,2010-05-06,63656,5,No
548,Employee_548,Male,40,Marketing,Content Creator,2007-04-15,51954,5,No
549,Employee_549,Male,48,Sales,Sales Executive,2024-03-26,60567,5,Yes
550,Employee_550,Female,32,Marketing,Content Creator,2015-08-20,45940,5,Yes
551,Employee_551,Female,30,IT,DevOps Engineer,2008-01-07,56298,5,No
552,Employee_552,Male,52,IT,Software Engineer,2024-10-02,52664,5,Yes
553,Employee_553,Male,60,HR,Recruiter,2022-01-25,72516,4,No
554,Employee_554,Female,36,Finance,Accountant,2020-07-12,58816,5,Yes
555,Employee_555,Female,52,Sales,Sales Executive,2012-02-10,60064,5,No
556,Employee_556,Male,22,Finance,Accountant,2023-09-04,48821,5,Yes
557,Employee_557,Male,42,Sales,Sales Associate,2018-06-04,47685,2,No
558,Employee_558,Female,56,Marketing,SEO Specialist,2018-10-12,48511,5,No
559,Employee_559,Female,57,Sales,Sales Executive,2022-08-06,60916,3,No
560,Employee_560,Female,47,Finance,Financial Analyst,2009-11-04,48685,2,No
561,Employee_561,Male,54,IT,Software Engineer,2017-06-26,59346,5,Yes
562,Employee_562,Male,27,IT,DevOps Engineer,2009-08-20,86131,4,Yes
563,Employee_563,Male,45,HR,Recruiter,2007-10-02,68066,4,No
564,Employee_564,Female,60,Marketing,Content Creator,2006-03-21,50109,4,No
565,Employee_565,Female,34,HR,HR Manager,2006-10-17,73018,5,Yes
566,Employee_566,Male,45,Marketing,Marketing Manager,2012-11-01,48878,2,Yes
567,Employee_567,Female,47,Finance,Financial Analyst,2017-10-07,25000,5,Yes
568,Employee_568,Female,57,HR,HR Manager,2023-06-12,39878,3,Yes
569,Employee_569,Female,47,Marketing,Marketing Manager,2023-01-09,26938,2,No
570,Employee_570,Male,54,Marketing,Marketing Manager,2014-06-04,49727,5,No
571,Employee_571,Female,50,Marketing,Content Creator,2017-10-16,55276,2,No
572,Employee_572,Female,59,Sales,Sales Associate,2005-08-04,80146,3,Yes
573,Employee_573,Male,36,Sales,Sales Associate,2015-07-12,59903,5,Yes
574,Employee_574,Female,27,Finance,Accountant,2017-11-24,51713,3,Yes
575,Employee_575,Female,42,Marketing,Marketing Manager,2016-04-19,67441,3,Yes
576,Employee_576,Male,37,IT,DevOps Engineer,2012-05-07,25000,2,Yes
577,Employee_577,Male,28,IT,IT Support,2008-02-22,58534,4,Yes
578,Employee_578,Female,45,Marketing,Marketing Manager,2024-06-16,66562,5,No
579,Employee_579,Female,47,Sales,Sales Executive,2012-10-05,32821,1,No
580,Employee_580,Male,54,Sales,Sales Associate,2016-07-28,72156,2,No
581,Employee_581,Female,42,HR,HR Assistant,2005-01-22,60077,2,No
582,Employee_582,Female,45,Marketing,Marketing Manager,2024-05-06,48770,5,No
583,Employee_583,Female,43,IT,IT Support,2016-03-16,64491,4,Yes
584,Employee_584,Female,45,Sales,Sales Associate,2017-05-15,89060,2,Yes
585,Employee_585,Male,28,Marketing,Content Creator,2013-04-18,57727,4,No
586,Employee_586,Male,52,IT,Data Analyst,2005-03-14,58723,4,Yes
587,Employee_587,Female,53,Marketing,Content Creator,2014-05-18,48109,5,Yes
588,Employee_588,Male,25,Sales,Sales Executive,2011-05-16,42252,1,No
589,Employee_589,Female,45,Finance,Financial Analyst,2022-09-26,67455,3,No
590,Employee_590,Male,44,HR,Recruiter,2024-04-19,42158,5,Yes
591,Employee_591,Female,54,Finance,Financial Analyst,2020-12-15,56073,1,No
592,Employee_592,Female,31,Marketing,SEO Specialist,2010-11-26,47835,3,No
593,Employee_593,Female,26,Marketing,Content Creator,2007-03-11,62184,2,No
594,Employee_594,Female,39,Finance,Controller,2024-11-13,60004,3,No
595,Employee_595,Female,48,Finance,Controller,2010-03-28,70563,1,Yes
596,Employee_596,Male,35,IT,IT Support,2010-07-04,47349,1,Yes
597,Employee_597,Male,23,Sales,Sales Associate,2017-09-25,50951,1,Yes
598,Employee_598,Male,27,Finance,Controller,2017-05-08,40318,2,No
599,Employee_599,Male,30,Sales,Sales Associate,2021-03-01,48335,1,No
600,Employee_600,Female,56,Finance,Financial Analyst,2013-09-15,60659,2,Yes
601,Employee_601,Female,58,Marketing,Content Creator,2018-09-21,66354,5,No
602,Employee_602,Male,27,Finance,Financial Analyst,2019-05-12,41167,4,No
603,Employee_603,Male,22,IT,IT Support,2021-03-12,68044,3,No
604,Employee_604,Female,52,Marketing,Marketing Manager,2014-01-25,75334,4,No
605,Employee_605,Male,57,Marketing,Marketing Manager,2016-04-14,61201,5,No
606,Employee_606,Male,46,Sales,Sales Executive,2017-04-09,83151,1,No
607,Employee_607,Female,56,IT,IT Support,2013-07-07,43393,1,Yes
608,Employee_608,Male,51,IT,IT Support,2024-08-09,36330,5,No
609,Employee_609,Male,31,IT,IT Support,2006-09-01,28319,2,Yes
610,Employee_610,Male,50,Finance,Financial Analyst,2005-04-03,77440,2,Yes
611,Employee_611,Female,48,Sales,Sales Executive,2014-08-12,64815,4,Yes
612,Employee_612,Male,25,Finance,Accountant,2013-07-03,54166,5,No
613,Employee_613,Female,46,IT,Data Analyst,2005-02-25,59199,2,No
614,Employee_614,Male,34,Sales,Sales Executive,2019-12-25,38117,1,Yes
615,Employee_615,Female,42,Sales,Account Manager,2010-11-24,91686,1,Yes
616,Employee_616,Female,34,Finance,Financial Analyst,2016-01-28,56938,2,Yes
617,Employee_617,Female,22,IT,DevOps Engineer,2010-05-19,56640,1,No
618,Employee_618,Male,59,IT,Software Engineer,2020-12-20,65886,2,No
619,Employee_619,Male,53,HR,HR Manager,2007-11-20,62215,3,Yes
620,Employee_620,Male,56,HR,Recruiter,2008-03-16,58358,2,No
621,Employee_621,Female,50,Marketing,Content Creator,2011-01-23,43142,4,No
622,Employee_622,Male,53,IT,IT Support,2019-09-10,62072,5,No
623,Employee_623,Female,42,IT,Data Analyst,2019-05-28,83230,5,Yes
624,Employee_624,Male,50,HR,HR Assistant,2014-05-18,75181,3,No
625,Employee_625,Female,33,HR,HR Assistant,2005-10-28,78897,3,Yes
626,Employee_626,Male,56,Finance,Controller,2017-04-17,47331,4,Yes
627,Employee_627,Female,48,Marketing,SEO Specialist,2015-02-04,40155,5,Yes
628,Employee_628,Male,24,HR,HR Manager,2011-02-16,53113,2,Yes
629,Employee_629,Female,53,HR,HR Assistant,2021-10-23,55835,5,No
630,Employee_630,Male,60,HR,Recruiter,2007-01-07,71412,4,Yes
631,Employee_631,Male,45,Sales,Sales Associate,2022-12-14,29613,3,Yes
632,Employee_632,Male,26,Marketing,SEO Specialist,2014-02-07,77943,5,Yes
633,Employee_633,Male,56,HR,HR Assistant,2017-04-07,52629,5,Yes
634,Employee_634,Male,57,Marketing,Content Creator,2022-07-24,48596,1,No
635,Employee_635,Female,28,Sales,Sales Associate,2010-03-18,39818,4,No
636,Employee_636,Female,42,IT,DevOps Engineer,2022-06-28,30177,3,No
637,Employee_637,Female,60,Sales,Sales Associate,2012-10-18,67347,2,No
638,Employee_638,Female,45,Marketing,Content Creator,2019-08-13,56099,1,Yes
639,Employee_639,Male,55,Finance,Controller,2009-05-01,35650,3,Yes
640,Employee_640,Male,39,IT,IT Support,2022-09-18,35573,5,Yes
641,Employee_641,Female,44,HR,HR Manager,2009-03-09,49963,3,Yes
642,Employee_642,Female,27,IT,IT Support,2023-07-19,80035,2,Yes
643,Employee_643,Male,53,Finance,Financial Analyst,2023-02-20,51106,3,Yes
644,Employee_644,Male,25,Marketing,SEO Specialist,2015-06-27,32452,4,No
645,Employee_645,Male,46,HR,HR Manager,2006-05-17,51313,1,No
646,Employee_646,Male,42,Marketing,Content Creator,2021-12-08,50909,2,Yes
647,Employee_647,Male,36,Sales,Account Manager,2018-05-26,25000,4,Yes
648,Employee_648,Male,52,IT,IT Support,2023-12-02,54185,5,No
649,Employee_649,Female,54,Finance,Accountant,2018-12-05,51535,2,No
650,Employee_650,Female,47,Marketing,Marketing Manager,2023-04-18,65443,5,Yes
651,Employee_651,Female,49,IT,Software Engineer,2015-11-19,82734,1,Yes
652,Employee_652,Female,44,Sales,Account Manager,2011-06-12,71898,5,Yes
653,Employee_653,Female,50,Finance,Accountant,2024-03-15,50966,1,Yes
654,Employee_654,Male,27,IT,IT Support,2008-12-02,38402,2,Yes
655,Employee_655,Female,29,Finance,Accountant,2014-08-16,93600,1,No
656,Employee_656,Male,56,IT,Data Analyst,2021-05-18,55888,4,Yes
657,Employee_657,Male,38,HR,Recruiter,2010-01-10,55208,2,No
658,Employee_658,Male,26,HR,Recruiter,2017-11-09,54638,3,Yes
659,Employee_659,Female,36,HR,Recruiter,2017-09-23,57971,1,No
660,Employee_660,Male,33,Sales,Sales Associate,2011-09-15,52834,5,Yes
661,Employee_661,Female,43,HR,HR Manager,2020-07-24,46395,2,Yes
662,Employee_662,Female,44,Finance,Controller,2014-04-17,46797,3,Yes
663,Employee_663,Male,57,Finance,Financial Analyst,2013-04-05,54508,3,No
664,Employee_664,Female,55,IT,Software Engineer,2024-11-22,46848,2,No
665,Employee_665,Female,41,IT,Data Analyst,2024-06-15,44307,5,Yes
666,Employee_666,Male,30,IT,Data Analyst,2014-12-23,56596,5,Yes
667,Employee_667,Male,42,Sales,Sales Executive,2007-09-18,51175,1,Yes
668,Employee_668,Male,42,Finance,Accountant,2018-07-10,77559,4,No
669,Employee_669,Male,30,IT,Data Analyst,2010-01-25,25000,5,No
670,Employee_670,Male,60,Marketing,Content Creator,2012-04-22,71372,1,No
671,Employee_671,Female,30,HR,HR Assistant,2021-10-16,73691,3,Yes
672,Employee_672,Female,30,Sales,Account Manager,2010-04-08,25000,1,No
673,Employee_673,Female,36,HR,Recruiter,2011-04-03,49859,2,No
674,Employee_674,Female,51,Marketing,SEO Specialist,2012-07-13,49428,1,No
675,Employee_675,Male,55,Finance,Financial Analyst,2008-08-15,33887,1,Yes
676,Employee_676,Female,24,Marketing,Content Creator,2022-07-17,43332,1,Yes
677,Employee_677,Female,41,Finance,Financial Analyst,2014-08-06,38341,4,No
678,Employee_678,Male,51,Marketing,Marketing Manager,2019-02-24,81284,5,Yes
679,Employee_679,Female,48,IT,Data Analyst,2015-08-01,69035,2,No
680,Employee_680,Male,51,Marketing,Content Creator,2007-05-11,74073,2,Yes
681,Employee_681,Female,45,HR,HR Manager,2007-09-23,65825,4,Yes
682,Employee_682,Female,24,Sales,Sales Associate,2010-06-19,38064,2,Yes
683,Employee_683,Male,48,IT,Data Analyst,2014-05-24,47132,4,No
684,Employee_684,Male,34,IT,Software Engineer,2005-10-25,62340,3,Yes
685,Employee_685,Female,56,Sales,Account Manager,2005-10-16,36668,2,Yes
686,Employee_686,Female,51,Marketing,Content Creator,2018-08-03,65694,5,Yes
687,Employee_687,Male,25,IT,IT Support,2010-03-02,51395,3,Yes
688,Employee_688,Female,43,IT,Software Engineer,2007-01-04,49377,4,Yes
689,Employee_689,Male,51,IT,IT Support,2023-06-02,65664,1,No
690,Employee_690,Female,26,Finance,Financial Analyst,2018-09-03,61663,3,No
691,Employee_691,Female,43,IT,Software Engineer,2021-07-17,49585,2,Yes
692,Employee_692,Male,58,Marketing,Marketing Manager,2021-02-16,72389,5,No
693,Employee_693,Female,38,Sales,Sales Associate,2021-10-20,38784,3,Yes
694,Employee_694,Female,55,Marketing,Content Creator,2020-08-26,64239,2,Yes
695,Employee_695,Male,29,Finance,Accountant,2005-08-21,63896,1,Yes
696,Employee_696,Female,24,Marketing,SEO Specialist,2015-06-18,50356,2,Yes
697,Employee_697,Female,26,IT,IT Support,2014-05-17,59891,5,No
698,Employee_698,Female,43,HR,HR Manager,2017-12-19,36233,5,Yes
699,Employee_699,Female,43,IT,Data Analyst,2020-08-26,68860,1,Yes
700,Employee_700,Female,56,Sales,Sales Executive,2015-08-26,52226,4,Yes
701,Employee_701,Female,57,Marketing,SEO Specialist,2022-01-07,47159,5,No
702,Employee_702,Male,39,Finance,Accountant,2005-06-13,70735,5,Yes
703,Employee_703,Female,33,Marketing,Content Creator,2024-02-28,44434,3,No
704,Employee_704,Female,27,HR,Recruiter,2020-04-12,33873,4,No
705,Employee_705,Male,29,IT,IT Support,2016-01-25,31650,2,Yes
706,Employee_706,Male,52,Sales,Sales Associate,2021-03-07,64090,3,No
707,Employee_707,Female,31,Marketing,SEO Specialist,2008-09-22,35793,2,Yes
708,Employee_708,Female,55,HR,Recruiter,2008-01-10,81321,1,Yes
709,Employee_709,Male,28,Finance,Financial Analyst,2021-11-24,25000,3,Yes
710,Employee_710,Male,42,Marketing,SEO Specialist,2011-04-10,80446,3,No
711,Employee_711,Male,39,Sales,Sales Associate,2009-03-09,58165,1,Yes
712,Employee_712,Male,35,Marketing,Content Creator,2022-06-18,53549,3,No
713,Employee_713,Male,32,IT,IT Support,2007-05-20,46826,3,No
714,Employee_714,Male,52,HR,HR Manager,2006-02-13,60987,1,Yes
715,Employee_715,Male,60,Sales,Account Manager,2023-11-27,54435,4,No
716,Employee_716,Male,56,Finance,Financial Analyst,2007-08-19,71549,2,Yes
717,Employee_717,Female,41,Sales,Sales Executive,2019-08-08,56713,2,Yes
718,Employee_718,Female,47,Marketing,SEO Specialist,2010-12-22,57254,3,No
719,Employee_719,Male,26,Sales,Account Manager,2020-02-12,49545,4,No
720,Employee_720,Female,60,IT,IT Support,2023-03-17,54145,1,No
721,Employee_721,Male,41,HR,Recruiter,2022-08-13,59617,5,No
722,Employee_722,Male,52,IT,Data Analyst,2017-02-11,29347,2,No
723,Employee_723,Female,56,Sales,Sales Associate,2012-03-22,34777,1,No
724,Employee_724,Female,42,HR,HR Assistant,2022-02-27,66148,4,Yes
725,Employee_725,Male,60,Finance,Financial Analyst,2008-11-27,57562,5,No
726,Employee_726,Male,27,Finance,Financial Analyst,2011-03-19,52240,1,Yes
727,Employee_727,Female,46,IT,DevOps Engineer,2024-10-15,55276,2,Yes
728,Employee_728,Female,49,Finance,Financial Analyst,2016-02-19,60213,1,No
729,Employee_729,Male,45,IT,IT Support,2022-01-01,46903,5,No
730,Employee_730,Male,37,HR,Recruiter,2018-12-19,43325,4,No
731,Employee_731,Female,49,Sales,Account Manager,2022-04-22,57937,2,No
732,Employee_732,Female,45,IT,Data Analyst,2018-03-10,40324,2,Yes
733,Employee_733,Male,31,HR,HR Manager,2020-11-14,61123,2,Yes
734,Employee_734,Female,60,IT,DevOps Engineer,2018-10-06,29461,4,No
735,Employee_735,Female,44,Marketing,SEO Specialist,2012-03-14,70437,5,Yes
736,Employee_736,Male,54,Marketing,SEO Specialist,2013-07-18,62088,5,No
737,Employee_737,Female,45,HR,HR Manager,2008-10-16,58840,1,Yes
738,Employee_738,Female,55,Marketing,SEO Specialist,2007-09-20,69740,1,Yes
739,Employee_739,Male,56,Sales,Sales Associate,2023-05-20,79982,1,No
740,Employee_740,Female,51,Marketing,Marketing Manager,2021-08-19,70215,3,No
741,Employee_741,Female,32,Finance,Financial Analyst,2006-12-20,27386,3,No
742,Employee_742,Female,59,HR,HR Assistant,2010-10-02,35806,3,Yes
743,Employee_743,Male,30,Finance,Financial Analyst,2021-02-28,45627,3,No
744,Employee_744,Female,38,IT,IT Support,2005-12-04,55391,5,Yes
745,Employee_745,Male,50,Marketing,Content Creator,2016-03-09,62764,2,No
746,Employee_746,Female,27,IT,Software Engineer,2009-10-27,44113,2,No
747,Employee_747,Male,50,Sales,Account Manager,2010-04-19,57801,3,Yes
748,Employee_748,Male,32,Finance,Accountant,2019-07-16,43669,3,No
749,Employee_749,Female,46,Marketing,Marketing Manager,2020-05-05,45827,5,No
750,Employee_750,Female,46,HR,Recruiter,2015-09-22,33900,1,Yes
751,Employee_751,Female,49,Marketing,Content Creator,2024-11-28,41151,3,No
752,Employee_752,Male,38,Finance,Financial Analyst,2023-07-15,34724,2,Yes
753,Employee_753,Male,42,Marketing,SEO Specialist,2022-01-22,40361,1,Yes
754,Employee_754,Male,55,HR,Recruiter,2008-11-15,70804,3,Yes
755,Employee_755,Male,24,Finance,Financial Analyst,2005-10-03,40759,1,Yes
756,Employee_756,Male,29,Marketing,Content Creator,2007-10-05,94485,4,Yes
757,Employee_757,Male,38,HR,HR Assistant,2014-08-22,62399,1,No
758,Employee_758,Female,38,Finance,Financial Analyst,2010-02-09,57772,1,No
759,Employee_759,Male,38,Sales,Account Manager,2013-03-15,42124,1,No
760,Employee_760,Male,53,IT,DevOps Engineer,2008-03-18,65504,4,Yes
761,Employee_761,Male,50,Marketing,Content Creator,2013-02-02,46365,1,Yes
762,Employee_762,Female,50,Marketing,Content Creator,2005-08-05,56830,1,Yes
763,Employee_763,Male,43,Sales,Account Manager,2017-10-01,93401,5,No
764,Employee_764,Female,26,Sales,Account Manager,2022-04-01,53559,4,No
765,Employee_765,Female,43,HR,HR Assistant,2014-07-02,72239,1,No
766,Employee_766,Male,51,Marketing,SEO Specialist,2014-11-07,44452,2,Yes
767,Employee_767,Male,41,Sales,Sales Associate,2017-02-21,54475,3,No
768,Employee_768,Female,34,HR,HR Assistant,2009-01-07,81562,1,Yes
769,Employee_769,Male,56,Sales,Account Manager,2014-08-18,45595,4,Yes
770,Employee_770,Male,43,HR,Recruiter,2006-07-04,82186,2,No
771,Employee_771,Male,26,Marketing,Marketing Manager,2006-12-05,65616,4,Yes
772,Employee_772,Male,37,Sales,Sales Associate,2009-01-06,46562,1,No
773,Employee_773,Male,59,HR,Recruiter,2007-02-04,64486,4,Yes
774,Employee_774,Female,43,HR,HR Manager,2017-06-04,69588,5,Yes
775,Employee_775,Male,59,Finance,Accountant,2010-06-03,64327,1,No
776,Employee_776,Male,45,IT,DevOps Engineer,2022-03-15,31446,2,Yes
777,Employee_777,Female,32,IT,Software Engineer,2005-08-03,44092,1,Yes
778,Employee_778,Female,48,IT,Software Engineer,2020-12-05,51287,2,Yes
779,Employee_779,Female,48,Finance,Controller,2012-03-20,53883,1,Yes
780,Employee_780,Male,41,Sales,Sales Associate,2016-07-01,64310,5,Yes
781,Employee_781,Male,45,IT,Software Engineer,2022-09-08,57665,4,Yes
782,Employee_782,Male,29,Finance,Accountant,2009-11-28,34969,4,No
783,Employee_783,Male,25,IT,Data Analyst,2016-05-07,60702,4,No
784,Employee_784,Female,24,Finance,Controller,2008-12-02,64158,5,Yes
785,Employee_785,Female,54,IT,Software Engineer,2008-02-08,63396,4,No
786,Employee_786,Female,36,Sales,Sales Executive,2008-06-08,71211,1,Yes
787,Employee_787,Female,36,Sales,Sales Executive,2007-08-19,67508,4,Yes
788,Employee_788,Male,51,Sales,Sales Executive,2010-07-12,61887,2,No
789,Employee_789,Female,34,IT,IT Support,2015-03-02,53947,5,Yes
790,Employee_790,Male,51,Finance,Accountant,2019-07-06,30085,3,Yes
791,Employee_791,Male,32,Finance,Controller,2023-09-28,61444,2,Yes
792,Employee_792,Female,35,Sales,Sales Associate,2023-08-27,58115,4,No
793,Employee_793,Female,37,HR,HR Assistant,2012-06-14,59073,5,Yes
794,Employee_794,Male,48,Marketing,Marketing Manager,2006-01-16,35848,5,Yes
795,Employee_795,Female,52,Sales,Sales Associate,2008-08-16,38784,2,Yes
796,Employee_796,Female,35,Marketing,Marketing Manager,2009-06-10,70797,2,Yes
797,Employee_797,Female,32,HR,Recruiter,2019-10-24,54406,5,Yes
798,Employee_798,Male,47,Sales,Account Manager,2010-06-21,65222,4,Yes
799,Employee_799,Female,55,HR,Recruiter,2006-05-14,55424,3,Yes
800,Employee_800,Female,25,HR,HR Assistant,2021-11-12,55446,1,Yes
801,Employee_801,Female,24,Sales,Account Manager,2016-06-06,69074,5,Yes
802,Employee_802,Male,30,Marketing,Content Creator,2015-04-18,47259,1,No
803,Employee_803,Male,36,Marketing,Content Creator,2015-06-09,56441,5,No
804,Employee_804,Male,45,Finance,Accountant,2016-08-16,48065,5,Yes
805,Employee_805,Female,50,Sales,Sales Associate,2024-06-26,48482,1,Yes
806,Employee_806,Male,47,Sales,Sales Executive,2010-05-03,50362,1,Yes
807,Employee_807,Male,53,Finance,Accountant,2009-04-17,58332,1,No
808,Employee_808,Male,52,Sales,Sales Associate,2016-07-15,47818,1,No
809,Employee_809,Male,36,IT,Software Engineer,2021-11-11,73836,4,No
810,Employee_810,Female,51,Finance,Financial Analyst,2014-10-05,41580,3,Yes
811,Employee_811,Female,45,Finance,Accountant,2014-01-05,52196,3,No
812,Employee_812,Male,56,Sales,Sales Executive,2014-03-06,48404,2,Yes
813,Employee_813,Male,42,IT,Software Engineer,2023-03-15,76704,3,No
814,Employee_814,Male,42,IT,Data Analyst,2016-03-12,57948,4,Yes
815,Employee_815,Male,23,Marketing,SEO Specialist,2017-08-25,70477,2,No
816,Employee_816,Male,56,Finance,Accountant,2021-06-21,32716,3,No
817,Employee_817,Male,58,Finance,Controller,2019-06-23,59005,1,No
818,Employee_818,Male,41,HR,HR Manager,2005-07-20,68344,2,No
819,Employee_819,Female,25,Finance,Accountant,2024-11-07,56234,5,Yes
820,Employee_820,Male,27,Finance,Accountant,2022-08-22,70982,1,No
821,Employee_821,Female,60,IT,DevOps Engineer,2024-09-02,47240,3,No
822,Employee_822,Female,46,IT,DevOps Engineer,2016-01-10,76140,3,No
823,Employee_823,Male,35,Finance,Financial Analyst,2019-12-14,89483,4,No
824,Employee_824,Female,30,IT,DevOps Engineer,2023-10-03,49557,2,Yes
825,Employee_825,Female,26,Finance,Financial Analyst,2023-07-03,48317,1,No
826,Employee_826,Male,57,Finance,Financial Analyst,2019-12-19,76800,2,Yes
827,Employee_827,Female,57,IT,DevOps Engineer,2020-01-27,78693,3,No
828,Employee_828,Female,36,Sales,Sales Associate,2005-01-05,47157,3,No
829,Employee_829,Female,48,Sales,Sales Executive,2010-08-23,48697,2,Yes
830,Employee_830,Female,26,HR,Recruiter,2024-12-12,50773,5,No
831,Employee_831,Female,52,Marketing,SEO Specialist,2008-06-17,34833,5,Yes
832,Employee_832,Male,31,Finance,Accountant,2015-08-23,41220,2,No
833,Employee_833,Female,45,IT,Software Engineer,2018-11-12,39937,1,No
834,Employee_834,Male,54,Finance,Controller,2011-11-06,43483,1,Yes
835,Employee_835,Female,41,Marketing,SEO Specialist,2013-11-23,54479,3,Yes
836,Employee_836,Female,31,Marketing,Content Creator,2005-03-17,58513,3,No
837,Employee_837,Female,32,Sales,Account Manager,2008-04-05,78257,5,Yes
838,Employee_838,Female,51,IT,Software Engineer,2007-02-27,40024,2,Yes
839,Employee_839,Female,45,Sales,Account Manager,2009-08-20,69764,5,No
840,Employee_840,Male,29,IT,IT Support,2012-03-28,51790,2,Yes
841,Employee_841,Male,30,Finance,Accountant,2007-07-23,54258,1,Yes
842,Employee_842,Female,24,HR,Recruiter,2011-02-02,65122,5,Yes
843,Employee_843,Female,24,Sales,Sales Executive,2007-05-22,38159,1,Yes
844,Employee_844,Male,59,HR,HR Assistant,2011-03-22,60736,3,Yes
845,Employee_845,Female,59,HR,HR Manager,2016-06-06,57496,5,Yes
846,Employee_846,Male,28,Marketing,Content Creator,2023-01-17,62386,2,Yes
847,Employee_847,Male,28,Finance,Accountant,2011-09-28,59337,4,No
848,Employee_848,Female,28,Marketing,Marketing Manager,2010-06-13,91829,4,Yes
849,Employee_849,Female,29,Marketing,Marketing Manager,2015-02-15,45433,1,Yes
850,Employee_850,Female,57,Sales,Account Manager,2006-02-11,47035,4,Yes
851,Employee_851,Female,60,Sales,Account Manager,2014-11-27,45652,4,Yes
852,Employee_852,Female,49,Marketing,SEO Specialist,2011-02-27,46667,4,No
853,Employee_853,Female,28,IT,Software Engineer,2017-08-17,45439,1,Yes
854,Employee_854,Female,59,IT,DevOps Engineer,2008-12-06,72835,1,No
855,Employee_855,Male,60,IT,IT Support,2017-02-08,76307,4,No
856,Employee_856,Female,47,Finance,Controller,2016-08-22,46438,5,No
857,Employee_857,Female,31,Sales,Sales Associate,2019-02-04,42514,3,No
858,Employee_858,Male,23,Sales,Sales Executive,2008-12-02,62071,1,No
859,Employee_859,Female,60,HR,HR Manager,2015-03-10,46716,5,Yes
860,Employee_860,Female,51,HR,HR Assistant,2011-05-22,64493,4,No
861,Employee_861,Female,56,Marketing,SEO Specialist,2022-01-25,58043,1,No
862,Employee_862,Female,42,HR,Recruiter,2017-08-15,32263,1,Yes
863,Employee_863,Male,53,IT,IT Support,2018-03-10,78212,4,No
864,Employee_864,Female,57,HR,HR Assistant,2022-10-16,81938,4,Yes
865,Employee_865,Female,38,Marketing,Marketing Manager,2020-10-13,45808,5,No
866,Employee_866,Male,23,Finance,Financial Analyst,2023-01-05,49184,3,No
867,Employee_867,Female,46,Marketing,Marketing Manager,2008-07-12,59287,3,No
868,Employee_868,Male,37,Finance,Accountant,2012-11-10,60016,5,Yes
869,Employee_869,Male,43,HR,Recruiter,2010-01-18,64878,3,Yes
870,Employee_870,Female,58,Sales,Sales Associate,2021-07-09,85153,1,No
871,Employee_871,Female,46,Marketing,Marketing Manager,2023-07-11,52345,5,Yes
872,Employee_872,Male,43,Sales,Sales Executive,2020-09-26,43025,3,Yes
873,Employee_873,Female,49,Marketing,SEO Specialist,2011-08-21,34310,1,Yes
874,Employee_874,Male,41,Finance,Financial Analyst,2023-07-26,44036,2,Yes
875,Employee_875,Female,39,Marketing,Marketing Manager,2007-10-26,54503,5,No
876,Employee_876,Female,26,Sales,Sales Executive,2014-09-26,81918,3,No
877,Employee_877,Male,48,Marketing,SEO Specialist,2017-05-20,47235,5,No
878,Employee_878,Male,55,Marketing,Marketing Manager,2010-10-16,58356,2,No
879,Employee_879,Female,58,Finance,Controller,2006-09-07,54753,3,No
880,Employee_880,Male,41,IT,Data Analyst,2018-07-11,72825,1,Yes
881,Employee_881,Female,32,Sales,Account Manager,2013-11-20,92903,2,No
882,Employee_882,Male,34,IT,Software Engineer,2005-04-26,47036,3,No
883,Employee_883,Female,49,Sales,Sales Associate,2006-04-06,47658,3,Yes
884,Employee_884,Female,57,HR,Recruiter,2010-11-28,70662,1,No
885,Employee_885,Male,42,HR,HR Manager,2024-05-28,65228,1,No
886,Employee_886,Male,47,Finance,Controller,2009-04-04,82700,5,Yes
887,Employee_887,Female,53,Marketing,Content Creator,2007-04-20,63758,1,No
888,Employee_888,Female,37,Finance,Controller,2018-04-05,49610,1,Yes
889,Employee_889,Female,48,IT,IT Support,2013-10-02,63859,4,No
890,Employee_890,Female,52,HR,Recruiter,2012-05-26,71630,2,No
891,Employee_891,Female,41,Sales,Sales Associate,2005-11-20,67307,1,Yes
892,Employee_892,Female,41,IT,IT Support,2016-11-04,62609,5,Yes
893,Employee_893,Male,47,Sales,Account Manager,2013-05-03,71000,2,No
894,Employee_894,Female,42,IT,Data Analyst,2018-01-09,72539,1,No
895,Employee_895,Female,43,Sales,Sales Associate,2018-02-27,75732,2,No
896,Employee_896,Female,48,Marketing,Marketing Manager,2024-12-27,64730,5,No
897,Employee_897,Male,25,Sales,Sales Associate,2010-11-15,52493,2,Yes
898,Employee_898,Female,42,Sales,Sales Executive,2023-02-04,57200,2,Yes
899,Employee_899,Male,60,Marketing,Content Creator,2018-06-15,73097,4,Yes
900,Employee_900,Female,40,Finance,Accountant,2011-02-14,42745,3,Yes
901,Employee_901,Male,23,Sales,Account Manager,2005-09-21,60530,5,Yes
902,Employee_902,Male,38,HR,Recruiter,2010-01-13,49099,5,No
903,Employee_903,Male,27,Marketing,SEO Specialist,2016-03-19,55431,1,Yes
904,Employee_904,Female,53,Marketing,SEO Specialist,2008-04-23,74176,2,Yes
905,Employee_905,Female,46,Finance,Financial Analyst,2009-07-28,57866,2,Yes
906,Employee_906,Male,48,Finance,Controller,2010-07-26,55696,2,Yes
907,Employee_907,Male,50,Finance,Financial Analyst,2012-06-19,34602,4,Yes
908,Employee_908,Male,42,HR,Recruiter,2017-11-07,66193,4,No
909,Employee_909,Male,28,Marketing,SEO Specialist,2022-01-02,64682,3,Yes
910,Employee_910,Male,22,Sales,Account Manager,2013-09-20,87448,4,No
911,Employee_911,Female,30,Sales,Sales Associate,2022-01-19,50383,2,No
912,Employee_912,Female,51,IT,DevOps Engineer,2009-02-11,58287,5,No
913,Employee_913,Male,42,IT,IT Support,2006-03-16,58740,3,No
914,Employee_914,Female,38,Sales,Account Manager,2021-06-14,78661,2,No
915,Employee_915,Female,25,Sales,Sales Executive,2011-03-02,53570,2,Yes
916,Employee_916,Female,32,HR,Recruiter,2019-07-04,59185,4,Yes
917,Employee_917,Female,51,Sales,Account Manager,2020-02-28,64118,2,Yes
918,Employee_918,Male,40,Finance,Accountant,2010-03-24,57799,5,No
919,Employee_919,Male,59,Marketing,Content Creator,2005-09-25,48303,5,Yes
920,Employee_920,Male,53,Sales,Sales Executive,2008-06-01,57911,3,Yes
921,Employee_921,Male,42,Sales,Account Manager,2009-01-03,71104,4,No
922,Employee_922,Female,60,Sales,Sales Associate,2005-06-02,39602,5,No
923,Employee_923,Male,35,Finance,Controller,2006-11-10,56994,3,Yes
924,Employee_924,Female,27,HR,HR Assistant,2017-05-06,44498,2,No
925,Employee_925,Male,32,HR,HR Manager,2017-07-10,72925,2,Yes
926,Employee_926,Female,41,Finance,Financial Analyst,2024-03-12,32152,1,No
927,Employee_927,Female,50,Marketing,Marketing Manager,2017-08-09,46616,5,No
928,Employee_928,Female,33,HR,Recruiter,2018-11-14,60658,1,Yes
929,Employee_929,Female,36,Marketing,SEO Specialist,2009-08-17,78482,5,Yes
930,Employee_930,Female,27,Finance,Financial Analyst,2020-05-05,54013,2,No
931,Employee_931,Female,58,IT,DevOps Engineer,2006-09-03,46672,1,Yes
932,Employee_932,Female,28,Marketing,SEO Specialist,2019-11-24,83217,5,No
933,Employee_933,Male,54,Finance,Financial Analyst,2005-02-24,33279,4,Yes
934,Employee_934,Male,27,IT,DevOps Engineer,2018-12-10,25000,3,No
935,Employee_935,Female,43,Sales,Sales Associate,2010-04-06,61600,1,No
936,Employee_936,Male,22,HR,Recruiter,2017-02-01,47469,2,No
937,Employee_937,Female,60,Sales,Sales Associate,2020-05-20,39681,5,No
938,Employee_938,Male,30,Sales,Account Manager,2009-01-07,65625,1,Yes
939,Employee_939,Male,52,IT,Software Engineer,2009-11-08,58657,4,Yes
940,Employee_940,Female,31,HR,Recruiter,2020-07-01,46538,1,Yes
941,Employee_941,Female,52,IT,DevOps Engineer,2005-08-19,35795,2,Yes
942,Employee_942,Female,25,Finance,Controller,2015-01-04,68086,4,No
943,Employee_943,Female,24,Sales,Sales Associate,2020-07-16,64753,5,No
944,Employee_944,Male,49,IT,Software Engineer,2023-06-18,53512,1,No
945,Employee_945,Male,53,Sales,Account Manager,2024-11-12,82699,4,No
946,Employee_946,Female,34,HR,HR Manager,2020-06-15,38948,2,Yes
947,Employee_947,Female,60,Marketing,Content Creator,2019-03-10,32117,4,No
948,Employee_948,Male,35,Finance,Financial Analyst,2014-12-24,44621,1,No
949,Employee_949,Male,32,IT,Data Analyst,2024-08-04,54316,4,No
950,Employee_950,Male,57,Finance,Accountant,2006-01-12,58650,3,No
951,Employee_951,Male,26,IT,Data Analyst,2015-07-04,51381,5,Yes
952,Employee_952,Male,53,HR,HR Assistant,2013-06-26,60280,3,Yes
953,Employee_953,Male,54,Marketing,SEO Specialist,2024-11-04,36226,1,No
954,Employee_954,Male,28,Sales,Sales Executive,2022-01-17,76656,1,Yes
955,Employee_955,Female,32,HR,HR Manager,2014-12-15,53767,5,No
956,Employee_956,Female,43,HR,HR Manager,2009-02-28,71759,2,No
957,Employee_957,Male,52,Sales,Sales Executive,2015-05-17,60140,2,Yes
958,Employee_958,Female,45,Finance,Financial Analyst,2012-03-25,61851,5,No
959,Employee_959,Female,48,IT,Data Analyst,2018-08-28,63546,5,No
960,Employee_960,Male,22,HR,Recruiter,2021-02-03,61715,3,No
961,Employee_961,Female,25,Sales,Sales Executive,2017-01-22,64640,2,Yes
962,Employee_962,Female,47,Marketing,SEO Specialist,2022-05-24,74937,3,No
963,Employee_963,Male,47,HR,Recruiter,2019-11-07,57947,5,No
964,Employee_964,Female,34,Finance,Controller,2014-02-02,65635,5,No
965,Employee_965,Male,55,Sales,Sales Associate,2022-05-07,53653,1,No
966,Employee_966,Male,23,Marketing,SEO Specialist,2005-09-19,76601,3,Yes
967,Employee_967,Female,54,Finance,Controller,2008-12-02,44854,3,No
968,Employee_968,Male,25,Marketing,SEO Specialist,2008-08-10,82014,5,Yes
969,Employee_969,Male,59,Sales,Account Manager,2023-12-21,54397,5,Yes
970,Employee_970,Female,58,Finance,Financial Analyst,2009-12-13,33538,5,Yes
971,Employee_971,Male,45,HR,Recruiter,2019-02-05,56921,4,No
972,Employee_972,Male,49,HR,HR Manager,2009-08-07,44784,4,Yes
973,Employee_973,Female,59,Finance,Controller,2022-09-25,67609,4,No
974,Employee_974,Female,50,Marketing,SEO Specialist,2020-12-14,45210,2,Yes
975,Employee_975,Female,51,Marketing,Marketing Manager,2009-12-17,48307,5,Yes
976,Employee_976,Female,24,IT,DevOps Engineer,2010-09-12,26656,1,No
977,Employee_977,Female,58,HR,HR Manager,2014-01-17,48215,2,Yes
978,Employee_978,Female,41,Finance,Financial Analyst,2014-08-01,25000,2,Yes
979,Employee_979,Male,41,Marketing,SEO Specialist,2014-04-06,31241,4,Yes
980,Employee_980,Female,26,HR,HR Assistant,2006-07-16,66406,5,No
981,Employee_981,Female,46,Marketing,SEO Specialist,2020-12-27,66787,5,Yes
982,Employee_982,Female,50,IT,DevOps Engineer,2009-12-11,61381,1,No
983,Employee_983,Female,43,Sales,Sales Executive,2022-01-22,40495,4,No
984,Employee_984,Male,58,HR,HR Manager,2014-09-21,54284,1,Yes
985,Employee_985,Male,52,IT,Software Engineer,2021-01-04,54945,5,Yes
986,Employee_986,Male,37,HR,Recruiter,2023-08-03,37624,5,No
987,Employee_987,Male,53,Sales,Sales Associate,2005-06-14,77550,2,No
988,Employee_988,Female,46,HR,HR Assistant,2013-02-04,68160,1,Yes
989,Employee_989,Male,38,Finance,Accountant,2007-03-10,51685,4,Yes
990,Employee_990,Female,33,HR,HR Assistant,2005-12-02,55403,3,No
991,Employee_991,Male,48,HR,Recruiter,2015-05-13,58125,1,Yes
992,Employee_992,Male,53,IT,Data Analyst,2021-09-13,25000,1,No
993,Employee_993,Female,57,HR,Recruiter,2018-02-16,51292,1,No
994,Employee_994,Female,57,IT,Software Engineer,2023-11-04,44770,2,Yes
995,Employee_995,Female,50,Finance,Controller,2007-11-17,39975,2,Yes
996,Employee_996,Male,37,Finance,Controller,2022-07-18,50783,4,Yes
997,Employee_997,Female,32,HR,Recruiter,2005-01-16,81965,3,No
998,Employee_998,Male,59,Sales,Account Manager,2021-05-02,64612,2,Yes
999,Employee_999,Female,29,Finance,Accountant,2009-12-18,46432,3,No
1000,Employee_1000,Female,38,IT,IT Support,2019-05-08,63588,3,No
